artist;
Anuel AA;
Ariana Grande;
Ava Max;
Bad Bunny;
Beyoncé;
Billie Eilish;
Black Eyed Peas;
Bruno Mars;
Calvin Harris;
Camila Cabello;
Coldplay;
DaBaby;
Daddy Yankee;
David Guetta;
Diplo;
Doja Cat;
Drake;
Dua Lipa;
Ed Sheeran;
Eminem;
Halsey;
Harry Styles;
Imagine Dragons;
Imanbek;
J Balvin;
Jason Derulo;
Jawsh 685;
Juice WRLD;
Justin Bieber;
Kanye West;
Katy Perry;
Khalid;
Kygo;
Lady Gaga;
Lewis Capaldi;
Maroon 5;
Marshmello;
Nicki Minaj;
OneRepublic;
Ozuna;
Post Malone;
Queen;
Rihanna;
Saint Jhn;
Sam Smith;
Selena Gomez;
Shawn Mendes;
Sia;
Swae Lee;
Taylor Swift;
The Chainsmokers;
The Weeknd;
Tones and I;
Travis Scott;
Tyga;
